cluster,2012_erp_age_0_4_pct,2012_erp_age_0_4_persons,2012_erp_age_10_14_pct,2012_erp_age_10_14_persons,2012_erp_age_15_19_pct,2012_erp_age_15_19_persons,2012_erp_age_20_24_pct,2012_erp_age_20_24_persons,2012_erp_age_25_44_pct,2012_erp_age_25_44_persons,2012_erp_age_45_64_pct,2012_erp_age_45_64_persons,2012_erp_age_5_9_pct,2012_erp_age_5_9_persons,2012_erp_age_65_69_pct,2012_erp_age_65_69_persons,2012_erp_age_70_74_pct,2012_erp_age_70_74_persons,2012_erp_age_75_79_pct,2012_erp_age_75_79_persons,2012_erp_age_80_84_pct,2012_erp_age_80_84_persons,2012_erp_age_85_plus_pct,2012_erp_age_85_plus_persons,2012_erp_total_persons
0,5.44666296054,1202.0,4.09335743698,902.714285714,4.61267669149,1012.14285714,8.47202260712,1830.71428571,37.799402518,8194.14285714,21.2039644649,4648.71428571,4.63220382897,1023.71428571,3.71541066485,817.571428571,2.97978912208,657.428571429,2.6249795978,578.0,2.3104903042,508.714285714,2.10903980306,467.571428571,21843.4285714
1,5.34856632192,144.125,4.7477972433,127.5,7.22252865838,254.25,8.06784452843,348.75,29.0300608173,880.5,24.3853261128,631.375,5.52355391678,127.875,5.7840398183,134.625,3.2704116748,88.375,2.85735033593,66.625,2.11443335106,62.75,1.64808722098,56.625,2923.375
2,5.82943106669,673.529411765,4.23236909489,482.176470588,4.67837641492,537.294117647,8.29880923671,970.411764706,36.5674771763,4285.0,21.8359552949,2531.11764706,5.01966121155,572.941176471,3.6788672552,432.176470588,2.93272757378,344.882352941,2.53170928228,292.411764706,2.1148851267,243.647058824,2.27973126611,257.705882353,11623.2941176
3,8.21771211588,2793.0,6.06624102537,2063.5,6.33640987138,2144.0,7.58690423939,2534.5,34.532182492,11555.0,20.7270084344,6879.5,6.79478345517,2309.0,3.1809280851,1023.5,2.35434992133,750.5,1.73732388168,548.5,1.32733786106,415.0,1.13881861725,350.0,33366.0
